<?xml version="1.0" encoding="UTF-8"?>
<project-private xmlns="http://www.netbeans.org/ns/project-private/1">
    <editor-bookmarks xmlns="http://www.netbeans.org/ns/editor-bookmarks/2" lastBookmarkId="0"/>
    <open-files xmlns="http://www.netbeans.org/ns/projectui-open-files/2">
        <group>
            <file>file:/C:/Users/amany/Downloads/The-Sleeping-Teaching-Assistant-main/The-Sleeping-Teaching-Assistant-main/src/ta/Work.java</file>
            <file>file:/C:/Users/amany/Downloads/The-Sleeping-Teaching-Assistant-main/The-Sleeping-Teaching-Assistant-main/src/ta/Mutexlock.java</file>
            <file>file:/C:/Users/amany/Downloads/The-Sleeping-Teaching-Assistant-main/The-Sleeping-Teaching-Assistant-main/src/ta/Student.java</file>
            <file>file:/C:/Users/amany/Downloads/The-Sleeping-Teaching-Assistant-main/The-Sleeping-Teaching-Assistant-main/src/ta/TeachingAssistant.java</file>
        </group>
    </open-files>
</project-private>
